instant,dteday,season,yr,mnth,holiday,weekday,workingday,weathersit,temp,atemp,hum,windspeed,rentals
1,1/1/2011,1,0,1,0,6,0,2,0.344167,0.363625,0.805833,0.160446,331
2,1/2/2011,1,0,1,0,0,0,2,0.363478,0.353739,0.696087,0.248539,131
3,1/3/2011,1,0,1,0,1,1,1,0.196364,0.189405,0.437273,0.248309,120
4,1/4/2011,1,0,1,0,2,1,1,0.2,0.212122,0.590435,0.160296,108
5,1/5/2011,1,0,1,0,3,1,1,0.226957,0.22927,0.436957,0.1869,82
6,1/6/2011,1,0,1,0,4,1,1,0.204348,0.233209,0.518261,0.0895652,88
7,1/7/2011,1,0,1,0,5,1,2,0.196522,0.208839,0.498696,0.168726,148
8,1/8/2011,1,0,1,0,6,0,2,0.165,0.162254,0.535833,0.266804,68
9,1/9/2011,1,0,1,0,0,0,1,0.138333,0.116175,0.434167,0.36195,54
10,1/10/2011,1,0,1,0,1,1,1,0.150833,0.150888,0.482917,0.223267,41
11,1/11/2011,1,0,1,0,2,1,2,0.169091,0.191464,0.686364,0.122132,43
12,1/12/2011,1,0,1,0,3,1,1,0.172727,0.160473,0.599545,0.304627,25
13,1/13/2011,1,0,1,0,4,1,1,0.165,0.150883,0.470417,0.301,38
14,1/14/2011,1,0,1,0,5,1,1,0.16087,0.188413,0.537826,0.126548,54
15,1/15/2011,1,0,1,0,6,0,2,0.233333,0.248112,0.49875,0.157963,222
16,1/16/2011,1,0,1,0,0,0,1,0.231667,0.234217,0.48375,0.188433,251
17,1/17/2011,1,0,1,1,1,0,2,0.175833,0.176771,0.5375,0.194017,117
18,1/18/2011,1,0,1,0,2,1,2,0.216667,0.232333,0.861667,0.146775,9
19,1/19/2011,1,0,1,0,3,1,2,0.292174,0.298422,0.741739,0.208317,78
20,1/20/2011,1,0,1,0,4,1,2,0.261667,0.25505,0.538333,0.195904,83
21,1/21/2011,1,0,1,0,5,1,1,0.1775,0.157833,0.457083,0.353242,75
22,1/22/2011,1,0,1,0,6,0,1,0.0591304,0.0790696,0.4,0.17197,93
23,1/23/2011,1,0,1,0,0,0,1,0.0965217,0.0988391,0.436522,0.2466,150
24,1/24/2011,1,0,1,0,1,1,1,0.0973913,0.11793,0.491739,0.15833,86
25,1/25/2011,1,0,1,0,2,1,2,0.223478,0.234526,0.616957,0.129796,186
26,1/26/2011,1,0,1,0,3,1,3,0.2175,0.2036,0.8625,0.29385,34
27,1/27/2011,1,0,1,0,4,1,1,0.195,0.2197,0.6875,0.113837,15
28,1/28/2011,1,0,1,0,5,1,2,0.203478,0.223317,0.793043,0.1233,38
29,1/29/2011,1,0,1,0,6,0,1,0.196522,0.212126,0.651739,0.145365,123
30,1/30/2011,1,0,1,0,0,0,1,0.216522,0.250322,0.722174,0.0739826,140
31,1/31/2011,1,0,1,0,1,1,2,0.180833,0.18625,0.60375,0.187192,42
32,2/1/2011,1,0,2,0,2,1,2,0.192174,0.23453,0.829565,0.053213,47
33,2/2/2011,1,0,2,0,3,1,2,0.26,0.254417,0.775417,0.264308,72
34,2/3/2011,1,0,2,0,4,1,1,0.186957,0.177878,0.437826,0.277752,61
35,2/4/2011,1,0,2,0,5,1,2,0.211304,0.228587,0.585217,0.127839,88
36,2/5/2011,1,0,2,0,6,0,2,0.233333,0.243058,0.929167,0.161079,100
37,2/6/2011,1,0,2,0,0,0,1,0.285833,0.291671,0.568333,0.1418,354
38,2/7/2011,1,0,2,0,1,1,1,0.271667,0.303658,0.738333,0.0454083,120
39,2/8/2011,1,0,2,0,2,1,1,0.220833,0.198246,0.537917,0.36195,64
40,2/9/2011,1,0,2,0,3,1,2,0.134783,0.144283,0.494783,0.188839,53
41,2/10/2011,1,0,2,0,4,1,1,0.144348,0.149548,0.437391,0.221935,47
42,2/11/2011,1,0,2,0,5,1,1,0.189091,0.213509,0.506364,0.10855,149
43,2/12/2011,1,0,2,0,6,0,1,0.2225,0.232954,0.544167,0.203367,288
44,2/13/2011,1,0,2,0,0,0,1,0.316522,0.324113,0.457391,0.260883,397
45,2/14/2011,1,0,2,0,1,1,1,0.415,0.39835,0.375833,0.417908,208
46,2/15/2011,1,0,2,0,2,1,1,0.266087,0.254274,0.314348,0.291374,140
47,2/16/2011,1,0,2,0,3,1,1,0.318261,0.3162,0.423478,0.251791,218
48,2/17/2011,1,0,2,0,4,1,1,0.435833,0.428658,0.505,0.230104,259
49,2/18/2011,1,0,2,0,5,1,1,0.521667,0.511983,0.516667,0.264925,579
50,2/19/2011,1,0,2,0,6,0,1,0.399167,0.391404,0.187917,0.507463,532
51,2/20/2011,1,0,2,0,0,0,1,0.285217,0.27733,0.407826,0.223235,639
52,2/21/2011,1,0,2,1,1,0,2,0.303333,0.284075,0.605,0.307846,195
53,2/22/2011,1,0,2,0,2,1,1,0.182222,0.186033,0.577778,0.195683,74
54,2/23/2011,1,0,2,0,3,1,1,0.221739,0.245717,0.423043,0.094113,139
55,2/24/2011,1,0,2,0,4,1,2,0.295652,0.289191,0.697391,0.250496,100
56,2/25/2011,1,0,2,0,5,1,2,0.364348,0.350461,0.712174,0.346539,120
57,2/26/2011,1,0,2,0,6,0,1,0.2825,0.282192,0.537917,0.186571,424
58,2/27/2011,1,0,2,0,0,0,1,0.343478,0.351109,0.68,0.125248,694
59,2/28/2011,1,0,2,0,1,1,2,0.407273,0.400118,0.876364,0.289686,81
60,3/1/2011,1,0,3,0,2,1,1,0.266667,0.263879,0.535,0.216425,137
61,3/2/2011,1,0,3,0,3,1,1,0.335,0.320071,0.449583,0.307833,231
62,3/3/2011,1,0,3,0,4,1,1,0.198333,0.200133,0.318333,0.225754,123
63,3/4/2011,1,0,3,0,5,1,2,0.261667,0.255679,0.610417,0.203346,214
64,3/5/2011,1,0,3,0,6,0,2,0.384167,0.378779,0.789167,0.251871,640
65,3/6/2011,1,0,3,0,0,0,2,0.376522,0.366252,0.948261,0.343287,114
66,3/7/2011,1,0,3,0,1,1,1,0.261739,0.238461,0.551304,0.341352,244
67,3/8/2011,1,0,3,0,2,1,1,0.2925,0.3024,0.420833,0.12065,316
68,3/9/2011,1,0,3,0,3,1,2,0.295833,0.286608,0.775417,0.22015,191
69,3/10/2011,1,0,3,0,4,1,3,0.389091,0.385668,0,0.261877,46
70,3/11/2011,1,0,3,0,5,1,2,0.316522,0.305,0.649565,0.23297,247
71,3/12/2011,1,0,3,0,6,0,1,0.329167,0.32575,0.594583,0.220775,724
72,3/13/2011,1,0,3,0,0,0,1,0.384348,0.380091,0.527391,0.270604,982
73,3/14/2011,1,0,3,0,1,1,1,0.325217,0.332,0.496957,0.136926,359
74,3/15/2011,1,0,3,0,2,1,2,0.317391,0.318178,0.655652,0.184309,289
75,3/16/2011,1,0,3,0,3,1,2,0.365217,0.36693,0.776522,0.203117,321
76,3/17/2011,1,0,3,0,4,1,1,0.415,0.410333,0.602917,0.209579,424
77,3/18/2011,1,0,3,0,5,1,1,0.54,0.527009,0.525217,0.231017,884
78,3/19/2011,1,0,3,0,6,0,1,0.4725,0.466525,0.379167,0.368167,1424
79,3/20/2011,1,0,3,0,0,0,1,0.3325,0.32575,0.47375,0.207721,1047
80,3/21/2011,2,0,3,0,1,1,2,0.430435,0.409735,0.737391,0.288783,401
81,3/22/2011,2,0,3,0,2,1,1,0.441667,0.440642,0.624583,0.22575,460
82,3/23/2011,2,0,3,0,3,1,2,0.346957,0.337939,0.839565,0.234261,203
83,3/24/2011,2,0,3,0,4,1,2,0.285,0.270833,0.805833,0.243787,166
84,3/25/2011,2,0,3,0,5,1,1,0.264167,0.256312,0.495,0.230725,300
85,3/26/2011,2,0,3,0,6,0,1,0.265833,0.257571,0.394167,0.209571,981
86,3/27/2011,2,0,3,0,0,0,2,0.253043,0.250339,0.493913,0.1843,472
87,3/28/2011,2,0,3,0,1,1,1,0.264348,0.257574,0.302174,0.212204,222
88,3/29/2011,2,0,3,0,2,1,1,0.3025,0.292908,0.314167,0.226996,317
89,3/30/2011,2,0,3,0,3,1,2,0.3,0.29735,0.646667,0.172888,168
90,3/31/2011,2,0,3,0,4,1,3,0.268333,0.257575,0.918333,0.217646,179
91,4/1/2011,2,0,4,0,5,1,2,0.3,0.283454,0.68625,0.258708,307
92,4/2/2011,2,0,4,0,6,0,2,0.315,0.315637,0.65375,0.197146,898
93,4/3/2011,2,0,4,0,0,0,1,0.378333,0.378767,0.48,0.182213,1651
94,4/4/2011,2,0,4,0,1,1,1,0.573333,0.542929,0.42625,0.385571,734
95,4/5/2011,2,0,4,0,2,1,2,0.414167,0.39835,0.642083,0.388067,167
96,4/6/2011,2,0,4,0,3,1,1,0.390833,0.387608,0.470833,0.263063,413
97,4/7/2011,2,0,4,0,4,1,1,0.4375,0.433696,0.602917,0.162312,571
98,4/8/2011,2,0,4,0,5,1,2,0.335833,0.324479,0.83625,0.226992,172
99,4/9/2011,2,0,4,0,6,0,2,0.3425,0.341529,0.8775,0.133083,879
100,4/10/2011,2,0,4,0,0,0,2,0.426667,0.426737,0.8575,0.146767,1188
101,4/11/2011,2,0,4,0,1,1,2,0.595652,0.565217,0.716956,0.324474,855
102,4/12/2011,2,0,4,0,2,1,2,0.5025,0.493054,0.739167,0.274879,257
103,4/13/2011,2,0,4,0,3,1,2,0.4125,0.417283,0.819167,0.250617,209
104,4/14/2011,2,0,4,0,4,1,1,0.4675,0.462742,0.540417,0.1107,529
105,4/15/2011,2,0,4,1,5,0,1,0.446667,0.441913,0.67125,0.226375,642
106,4/16/2011,2,0,4,0,6,0,3,0.430833,0.425492,0.888333,0.340808,121
107,4/17/2011,2,0,4,0,0,0,1,0.456667,0.445696,0.479583,0.303496,1558
108,4/18/2011,2,0,4,0,1,1,1,0.5125,0.503146,0.5425,0.163567,669
109,4/19/2011,2,0,4,0,2,1,2,0.505833,0.489258,0.665833,0.157971,409
110,4/20/2011,2,0,4,0,3,1,1,0.595,0.564392,0.614167,0.241925,613
111,4/21/2011,2,0,4,0,4,1,1,0.459167,0.453892,0.407083,0.325258,745
112,4/22/2011,2,0,4,0,5,1,2,0.336667,0.321954,0.729583,0.219521,177
113,4/23/2011,2,0,4,0,6,0,2,0.46,0.450121,0.887917,0.230725,1462
114,4/24/2011,2,0,4,0,0,0,2,0.581667,0.551763,0.810833,0.192175,1710
115,4/25/2011,2,0,4,0,1,1,1,0.606667,0.5745,0.776667,0.185333,773
116,4/26/2011,2,0,4,0,2,1,1,0.631667,0.594083,0.729167,0.3265,678
117,4/27/2011,2,0,4,0,3,1,2,0.62,0.575142,0.835417,0.3122,547
118,4/28/2011,2,0,4,0,4,1,2,0.6175,0.578929,0.700833,0.320908,569
119,4/29/2011,2,0,4,0,5,1,1,0.51,0.497463,0.457083,0.240063,878
120,4/30/2011,2,0,4,0,6,0,1,0.4725,0.464021,0.503333,0.235075,1965
121,5/1/2011,2,0,5,0,0,0,2,0.451667,0.448204,0.762083,0.106354,1138
122,5/2/2011,2,0,5,0,1,1,2,0.549167,0.532833,0.73,0.183454,847
123,5/3/2011,2,0,5,0,2,1,2,0.616667,0.582079,0.697083,0.342667,603
124,5/4/2011,2,0,5,0,3,1,2,0.414167,0.40465,0.737083,0.328996,255
125,5/5/2011,2,0,5,0,4,1,1,0.459167,0.441917,0.444167,0.295392,614
126,5/6/2011,2,0,5,0,5,1,1,0.479167,0.474117,0.59,0.228246,894
127,5/7/2011,2,0,5,0,6,0,1,0.52,0.512621,0.54125,0.16045,1612
128,5/8/2011,2,0,5,0,0,0,1,0.528333,0.518933,0.631667,0.0746375,1401
129,5/9/2011,2,0,5,0,1,1,1,0.5325,0.525246,0.58875,0.176,664
130,5/10/2011,2,0,5,0,2,1,1,0.5325,0.522721,0.489167,0.115671,694
131,5/11/2011,2,0,5,0,3,1,1,0.5425,0.5284,0.632917,0.120642,550
132,5/12/2011,2,0,5,0,4,1,1,0.535,0.523363,0.7475,0.189667,695
133,5/13/2011,2,0,5,0,5,1,2,0.5125,0.4943,0.863333,0.179725,692
134,5/14/2011,2,0,5,0,6,0,2,0.520833,0.500629,0.9225,0.13495,902
135,5/15/2011,2,0,5,0,0,0,2,0.5625,0.536,0.867083,0.152979,1582
136,5/16/2011,2,0,5,0,1,1,1,0.5775,0.550512,0.787917,0.126871,773
137,5/17/2011,2,0,5,0,2,1,2,0.561667,0.538529,0.837917,0.277354,678
138,5/18/2011,2,0,5,0,3,1,2,0.55,0.527158,0.87,0.201492,536
139,5/19/2011,2,0,5,0,4,1,2,0.530833,0.510742,0.829583,0.108213,735
140,5/20/2011,2,0,5,0,5,1,1,0.536667,0.529042,0.719583,0.125013,909
141,5/21/2011,2,0,5,0,6,0,1,0.6025,0.571975,0.626667,0.12065,2258
142,5/22/2011,2,0,5,0,0,0,1,0.604167,0.5745,0.749583,0.148008,1576
143,5/23/2011,2,0,5,0,1,1,2,0.631667,0.590296,0.81,0.233842,836
144,5/24/2011,2,0,5,0,2,1,2,0.66,0.604813,0.740833,0.207092,659
145,5/25/2011,2,0,5,0,3,1,1,0.660833,0.615542,0.69625,0.154233,740
146,5/26/2011,2,0,5,0,4,1,1,0.708333,0.654688,0.6775,0.199642,758
147,5/27/2011,2,0,5,0,5,1,1,0.681667,0.637008,0.65375,0.240679,871
148,5/28/2011,2,0,5,0,6,0,1,0.655833,0.612379,0.729583,0.230092,2001
149,5/29/2011,2,0,5,0,0,0,1,0.6675,0.61555,0.81875,0.213938,2355
150,5/30/2011,2,0,5,1,1,0,1,0.733333,0.671092,0.685,0.131225,1549
151,5/31/2011,2,0,5,0,2,1,1,0.775,0.725383,0.636667,0.111329,673
152,6/1/2011,2,0,6,0,3,1,2,0.764167,0.720967,0.677083,0.207092,513
153,6/2/2011,2,0,6,0,4,1,1,0.715,0.643942,0.305,0.292287,736
154,6/3/2011,2,0,6,0,5,1,1,0.62,0.587133,0.354167,0.253121,898
155,6/4/2011,2,0,6,0,6,0,1,0.635,0.594696,0.45625,0.123142,1869
156,6/5/2011,2,0,6,0,0,0,2,0.648333,0.616804,0.6525,0.138692,1685
157,6/6/2011,2,0,6,0,1,1,1,0.678333,0.621858,0.6,0.121896,673
158,6/7/2011,2,0,6,0,2,1,1,0.7075,0.65595,0.597917,0.187808,763
159,6/8/2011,2,0,6,0,3,1,1,0.775833,0.727279,0.622083,0.136817,676
160,6/9/2011,2,0,6,0,4,1,2,0.808333,0.757579,0.568333,0.149883,563
161,6/10/2011,2,0,6,0,5,1,1,0.755,0.703292,0.605,0.140554,815
162,6/11/2011,2,0,6,0,6,0,1,0.725,0.678038,0.654583,0.15485,1729
163,6/12/2011,2,0,6,0,0,0,1,0.6925,0.643325,0.747917,0.163567,1467
164,6/13/2011,2,0,6,0,1,1,1,0.635,0.601654,0.494583,0.30535,863
165,6/14/2011,2,0,6,0,2,1,1,0.604167,0.591546,0.507083,0.269283,727
166,6/15/2011,2,0,6,0,3,1,1,0.626667,0.587754,0.471667,0.167912,769
167,6/16/2011,2,0,6,0,4,1,2,0.628333,0.595346,0.688333,0.206471,545
168,6/17/2011,2,0,6,0,5,1,1,0.649167,0.600383,0.735833,0.143029,863
169,6/18/2011,2,0,6,0,6,0,1,0.696667,0.643954,0.670417,0.119408,1807
170,6/19/2011,2,0,6,0,0,0,2,0.699167,0.645846,0.666667,0.102,1639
171,6/20/2011,2,0,6,0,1,1,2,0.635,0.595346,0.74625,0.155475,699
172,6/21/2011,3,0,6,0,2,1,2,0.680833,0.637646,0.770417,0.171025,774
173,6/22/2011,3,0,6,0,3,1,1,0.733333,0.693829,0.7075,0.172262,661
174,6/23/2011,3,0,6,0,4,1,2,0.728333,0.693833,0.703333,0.238804,746
175,6/24/2011,3,0,6,0,5,1,1,0.724167,0.656583,0.573333,0.222025,969
176,6/25/2011,3,0,6,0,6,0,1,0.695,0.643313,0.483333,0.209571,1782
177,6/26/2011,3,0,6,0,0,0,1,0.68,0.637629,0.513333,0.0945333,1920
178,6/27/2011,3,0,6,0,1,1,2,0.6825,0.637004,0.658333,0.107588,854
179,6/28/2011,3,0,6,0,2,1,1,0.744167,0.692558,0.634167,0.144283,732
180,6/29/2011,3,0,6,0,3,1,1,0.728333,0.654688,0.497917,0.261821,848
181,6/30/2011,3,0,6,0,4,1,1,0.696667,0.637008,0.434167,0.185312,1027
182,7/1/2011,3,0,7,0,5,1,1,0.7225,0.652162,0.39625,0.102608,1246
183,7/2/2011,3,0,7,0,6,0,1,0.738333,0.667308,0.444583,0.115062,2204
184,7/3/2011,3,0,7,0,0,0,2,0.716667,0.668575,0.6825,0.228858,2282
185,7/4/2011,3,0,7,1,1,0,2,0.726667,0.665417,0.637917,0.0814792,3065
186,7/5/2011,3,0,7,0,2,1,1,0.746667,0.696338,0.590417,0.126258,1031
187,7/6/2011,3,0,7,0,3,1,1,0.72,0.685633,0.743333,0.149883,784
188,7/7/2011,3,0,7,0,4,1,1,0.75,0.686871,0.65125,0.1592,754
189,7/8/2011,3,0,7,0,5,1,2,0.709167,0.670483,0.757917,0.225129,692
190,7/9/2011,3,0,7,0,6,0,1,0.733333,0.664158,0.609167,0.167912,1988
191,7/10/2011,3,0,7,0,0,0,1,0.7475,0.690025,0.578333,0.183471,1743
192,7/11/2011,3,0,7,0,1,1,1,0.7625,0.729804,0.635833,0.282337,723
193,7/12/2011,3,0,7,0,2,1,1,0.794167,0.739275,0.559167,0.200254,662
194,7/13/2011,3,0,7,0,3,1,1,0.746667,0.689404,0.631667,0.146133,748
195,7/14/2011,3,0,7,0,4,1,1,0.680833,0.635104,0.47625,0.240667,888
196,7/15/2011,3,0,7,0,5,1,1,0.663333,0.624371,0.59125,0.182833,1318
197,7/16/2011,3,0,7,0,6,0,1,0.686667,0.638263,0.585,0.208342,2418
198,7/17/2011,3,0,7,0,0,0,1,0.719167,0.669833,0.604167,0.245033,2006
199,7/18/2011,3,0,7,0,1,1,1,0.746667,0.703925,0.65125,0.215804,841
200,7/19/2011,3,0,7,0,2,1,1,0.776667,0.747479,0.650417,0.1306,752
201,7/20/2011,3,0,7,0,3,1,1,0.768333,0.74685,0.707083,0.113817,644
202,7/21/2011,3,0,7,0,4,1,2,0.815,0.826371,0.69125,0.222021,632
203,7/22/2011,3,0,7,0,5,1,1,0.848333,0.840896,0.580417,0.1331,562
204,7/23/2011,3,0,7,0,6,0,1,0.849167,0.804287,0.5,0.131221,987
205,7/24/2011,3,0,7,0,0,0,1,0.83,0.794829,0.550833,0.169171,1050
206,7/25/2011,3,0,7,0,1,1,1,0.743333,0.720958,0.757083,0.0908083,568
207,7/26/2011,3,0,7,0,2,1,1,0.771667,0.696979,0.540833,0.200258,750
208,7/27/2011,3,0,7,0,3,1,1,0.775,0.690667,0.402917,0.183463,755
209,7/28/2011,3,0,7,0,4,1,1,0.779167,0.7399,0.583333,0.178479,606
210,7/29/2011,3,0,7,0,5,1,1,0.838333,0.785967,0.5425,0.174138,670
211,7/30/2011,3,0,7,0,6,0,1,0.804167,0.728537,0.465833,0.168537,1559
212,7/31/2011,3,0,7,0,0,0,1,0.805833,0.729796,0.480833,0.164813,1524
213,8/1/2011,3,0,8,0,1,1,1,0.771667,0.703292,0.550833,0.156717,729
214,8/2/2011,3,0,8,0,2,1,1,0.783333,0.707071,0.49125,0.20585,801
215,8/3/2011,3,0,8,0,3,1,2,0.731667,0.679937,0.6575,0.135583,467
216,8/4/2011,3,0,8,0,4,1,2,0.71,0.664788,0.7575,0.19715,799
217,8/5/2011,3,0,8,0,5,1,1,0.710833,0.656567,0.630833,0.184696,1023
218,8/6/2011,3,0,8,0,6,0,2,0.716667,0.676154,0.755,0.22825,1521
219,8/7/2011,3,0,8,0,0,0,1,0.7425,0.715292,0.752917,0.201487,1298
220,8/8/2011,3,0,8,0,1,1,1,0.765,0.703283,0.592083,0.192175,846
221,8/9/2011,3,0,8,0,2,1,1,0.775,0.724121,0.570417,0.151121,907
222,8/10/2011,3,0,8,0,3,1,1,0.766667,0.684983,0.424167,0.200258,884
223,8/11/2011,3,0,8,0,4,1,1,0.7175,0.651521,0.42375,0.164796,812
224,8/12/2011,3,0,8,0,5,1,1,0.708333,0.654042,0.415,0.125621,1051
225,8/13/2011,3,0,8,0,6,0,2,0.685833,0.645858,0.729583,0.211454,1504
226,8/14/2011,3,0,8,0,0,0,2,0.676667,0.624388,0.8175,0.222633,1338
227,8/15/2011,3,0,8,0,1,1,1,0.665833,0.616167,0.712083,0.208954,775
228,8/16/2011,3,0,8,0,2,1,1,0.700833,0.645837,0.578333,0.236329,721
229,8/17/2011,3,0,8,0,3,1,1,0.723333,0.666671,0.575417,0.143667,668
230,8/18/2011,3,0,8,0,4,1,1,0.711667,0.662258,0.654583,0.233208,639
231,8/19/2011,3,0,8,0,5,1,2,0.685,0.633221,0.722917,0.139308,797
232,8/20/2011,3,0,8,0,6,0,1,0.6975,0.648996,0.674167,0.104467,1914
233,8/21/2011,3,0,8,0,0,0,1,0.710833,0.675525,0.77,0.248754,1249
234,8/22/2011,3,0,8,0,1,1,1,0.691667,0.638254,0.47,0.27675,833
235,8/23/2011,3,0,8,0,2,1,1,0.640833,0.606067,0.455417,0.146763,1281
236,8/24/2011,3,0,8,0,3,1,1,0.673333,0.630692,0.605,0.253108,949
237,8/25/2011,3,0,8,0,4,1,2,0.684167,0.645854,0.771667,0.210833,435
238,8/26/2011,3,0,8,0,5,1,1,0.7,0.659733,0.76125,0.0839625,768
239,8/27/2011,3,0,8,0,6,0,2,0.68,0.635556,0.85,0.375617,226
240,8/28/2011,3,0,8,0,0,0,1,0.707059,0.647959,0.561765,0.304659,1415
241,8/29/2011,3,0,8,0,1,1,1,0.636667,0.607958,0.554583,0.159825,729
242,8/30/2011,3,0,8,0,2,1,1,0.639167,0.594704,0.548333,0.125008,775
243,8/31/2011,3,0,8,0,3,1,1,0.656667,0.611121,0.597917,0.0833333,688
244,9/1/2011,3,0,9,0,4,1,1,0.655,0.614921,0.639167,0.141796,783
245,9/2/2011,3,0,9,0,5,1,2,0.643333,0.604808,0.727083,0.139929,875
246,9/3/2011,3,0,9,0,6,0,1,0.669167,0.633213,0.716667,0.185325,1935
247,9/4/2011,3,0,9,0,0,0,1,0.709167,0.665429,0.742083,0.206467,2521
248,9/5/2011,3,0,9,1,1,0,2,0.673333,0.625646,0.790417,0.212696,1236
249,9/6/2011,3,0,9,0,2,1,3,0.54,0.5152,0.886957,0.343943,204
250,9/7/2011,3,0,9,0,3,1,3,0.599167,0.544229,0.917083,0.0970208,118
251,9/8/2011,3,0,9,0,4,1,3,0.633913,0.555361,0.939565,0.192748,153
252,9/9/2011,3,0,9,0,5,1,2,0.65,0.578946,0.897917,0.124379,417
253,9/10/2011,3,0,9,0,6,0,1,0.66,0.607962,0.75375,0.153608,1750
254,9/11/2011,3,0,9,0,0,0,1,0.653333,0.609229,0.71375,0.115054,1633
255,9/12/2011,3,0,9,0,1,1,1,0.644348,0.60213,0.692174,0.088913,690
256,9/13/2011,3,0,9,0,2,1,1,0.650833,0.603554,0.7125,0.141804,701
257,9/14/2011,3,0,9,0,3,1,1,0.673333,0.6269,0.697083,0.1673,647
258,9/15/2011,3,0,9,0,4,1,2,0.5775,0.553671,0.709167,0.271146,428
259,9/16/2011,3,0,9,0,5,1,2,0.469167,0.461475,0.590417,0.164183,742
260,9/17/2011,3,0,9,0,6,0,2,0.491667,0.478512,0.718333,0.189675,1434
261,9/18/2011,3,0,9,0,0,0,1,0.5075,0.490537,0.695,0.178483,1353
262,9/19/2011,3,0,9,0,1,1,2,0.549167,0.529675,0.69,0.151742,691
263,9/20/2011,3,0,9,0,2,1,2,0.561667,0.532217,0.88125,0.134954,438
264,9/21/2011,3,0,9,0,3,1,2,0.595,0.550533,0.9,0.0964042,539
265,9/22/2011,3,0,9,0,4,1,2,0.628333,0.554963,0.902083,0.128125,555
266,9/23/2011,4,0,9,0,5,1,2,0.609167,0.522125,0.9725,0.0783667,258
267,9/24/2011,4,0,9,0,6,0,2,0.606667,0.564412,0.8625,0.0783833,1776
268,9/25/2011,4,0,9,0,0,0,2,0.634167,0.572637,0.845,0.0503792,1544
269,9/26/2011,4,0,9,0,1,1,2,0.649167,0.589042,0.848333,0.1107,684
270,9/27/2011,4,0,9,0,2,1,2,0.636667,0.574525,0.885417,0.118171,477
271,9/28/2011,4,0,9,0,3,1,2,0.635,0.575158,0.84875,0.148629,480
272,9/29/2011,4,0,9,0,4,1,1,0.616667,0.574512,0.699167,0.172883,653
273,9/30/2011,4,0,9,0,5,1,1,0.564167,0.544829,0.6475,0.206475,830
274,10/1/2011,4,0,10,0,6,0,2,0.41,0.412863,0.75375,0.292296,480
275,10/2/2011,4,0,10,0,0,0,2,0.356667,0.345317,0.791667,0.222013,616
276,10/3/2011,4,0,10,0,1,1,2,0.384167,0.392046,0.760833,0.0833458,330
277,10/4/2011,4,0,10,0,2,1,1,0.484167,0.472858,0.71,0.205854,486
278,10/5/2011,4,0,10,0,3,1,1,0.538333,0.527138,0.647917,0.17725,559
279,10/6/2011,4,0,10,0,4,1,1,0.494167,0.480425,0.620833,0.134954,639
280,10/7/2011,4,0,10,0,5,1,1,0.510833,0.504404,0.684167,0.0223917,949
281,10/8/2011,4,0,10,0,6,0,1,0.521667,0.513242,0.70125,0.0454042,2235
282,10/9/2011,4,0,10,0,0,0,1,0.540833,0.523983,0.7275,0.06345,2397
283,10/10/2011,4,0,10,1,1,0,1,0.570833,0.542925,0.73375,0.0423042,1514
284,10/11/2011,4,0,10,0,2,1,2,0.566667,0.546096,0.80875,0.143042,667
285,10/12/2011,4,0,10,0,3,1,3,0.543333,0.517717,0.90625,0.24815,217
286,10/13/2011,4,0,10,0,4,1,2,0.589167,0.551804,0.896667,0.141787,290
287,10/14/2011,4,0,10,0,5,1,2,0.550833,0.529675,0.71625,0.223883,529
288,10/15/2011,4,0,10,0,6,0,1,0.506667,0.498725,0.483333,0.258083,1899
289,10/16/2011,4,0,10,0,0,0,1,0.511667,0.503154,0.486667,0.281717,1748
290,10/17/2011,4,0,10,0,1,1,1,0.534167,0.510725,0.579583,0.175379,713
291,10/18/2011,4,0,10,0,2,1,2,0.5325,0.522721,0.701667,0.110087,637
292,10/19/2011,4,0,10,0,3,1,3,0.541739,0.513848,0.895217,0.243339,254
293,10/20/2011,4,0,10,0,4,1,1,0.475833,0.466525,0.63625,0.422275,471
294,10/21/2011,4,0,10,0,5,1,1,0.4275,0.423596,0.574167,0.221396,676
295,10/22/2011,4,0,10,0,6,0,1,0.4225,0.425492,0.629167,0.0926667,1499
296,10/23/2011,4,0,10,0,0,0,1,0.421667,0.422333,0.74125,0.0995125,1619
297,10/24/2011,4,0,10,0,1,1,1,0.463333,0.457067,0.772083,0.118792,699
298,10/25/2011,4,0,10,0,2,1,1,0.471667,0.463375,0.622917,0.166658,695
299,10/26/2011,4,0,10,0,3,1,2,0.484167,0.472846,0.720417,0.148642,404
300,10/27/2011,4,0,10,0,4,1,2,0.47,0.457046,0.812917,0.197763,240
301,10/28/2011,4,0,10,0,5,1,2,0.330833,0.318812,0.585833,0.229479,456
302,10/29/2011,4,0,10,0,6,0,3,0.254167,0.227913,0.8825,0.351371,57
303,10/30/2011,4,0,10,0,0,0,1,0.319167,0.321329,0.62375,0.176617,885
304,10/31/2011,4,0,10,0,1,1,1,0.34,0.356063,0.703333,0.10635,362
305,11/1/2011,4,0,11,0,2,1,1,0.400833,0.397088,0.68375,0.135571,410
306,11/2/2011,4,0,11,0,3,1,1,0.3775,0.390133,0.71875,0.0820917,370
307,11/3/2011,4,0,11,0,4,1,1,0.408333,0.405921,0.702083,0.136817,318
308,11/4/2011,4,0,11,0,5,1,2,0.403333,0.403392,0.6225,0.271779,470
309,11/5/2011,4,0,11,0,6,0,1,0.326667,0.323854,0.519167,0.189062,1156
310,11/6/2011,4,0,11,0,0,0,1,0.348333,0.362358,0.734583,0.0920542,952
311,11/7/2011,4,0,11,0,1,1,1,0.395,0.400871,0.75875,0.057225,373
312,11/8/2011,4,0,11,0,2,1,1,0.408333,0.412246,0.721667,0.0690375,376
313,11/9/2011,4,0,11,0,3,1,1,0.4,0.409079,0.758333,0.0621958,305
314,11/10/2011,4,0,11,0,4,1,2,0.38,0.373721,0.813333,0.189067,190
315,11/11/2011,4,0,11,1,5,0,1,0.324167,0.306817,0.44625,0.314675,440
316,11/12/2011,4,0,11,0,6,0,1,0.356667,0.357942,0.552917,0.212062,1275
317,11/13/2011,4,0,11,0,0,0,1,0.440833,0.43055,0.458333,0.281721,1004
318,11/14/2011,4,0,11,0,1,1,1,0.53,0.524612,0.587083,0.306596,595
319,11/15/2011,4,0,11,0,2,1,2,0.53,0.507579,0.68875,0.199633,449
320,11/16/2011,4,0,11,0,3,1,3,0.456667,0.451988,0.93,0.136829,145
321,11/17/2011,4,0,11,0,4,1,2,0.341667,0.323221,0.575833,0.305362,139
322,11/18/2011,4,0,11,0,5,1,1,0.274167,0.272721,0.41,0.168533,245
323,11/19/2011,4,0,11,0,6,0,1,0.329167,0.324483,0.502083,0.224496,943
324,11/20/2011,4,0,11,0,0,0,2,0.463333,0.457058,0.684583,0.18595,787
325,11/21/2011,4,0,11,0,1,1,3,0.4475,0.445062,0.91,0.138054,220
326,11/22/2011,4,0,11,0,2,1,3,0.416667,0.421696,0.9625,0.118792,69
327,11/23/2011,4,0,11,0,3,1,2,0.440833,0.430537,0.757917,0.335825,112
328,11/24/2011,4,0,11,1,4,0,1,0.373333,0.372471,0.549167,0.167304,560
329,11/25/2011,4,0,11,0,5,1,1,0.375,0.380671,0.64375,0.0988958,1095
330,11/26/2011,4,0,11,0,6,0,1,0.375833,0.385087,0.681667,0.0684208,1249
331,11/27/2011,4,0,11,0,0,0,1,0.459167,0.4558,0.698333,0.208954,810
332,11/28/2011,4,0,11,0,1,1,1,0.503478,0.490122,0.743043,0.142122,253
333,11/29/2011,4,0,11,0,2,1,2,0.458333,0.451375,0.830833,0.258092,96
334,11/30/2011,4,0,11,0,3,1,1,0.325,0.311221,0.613333,0.271158,188
335,12/1/2011,4,0,12,0,4,1,1,0.3125,0.305554,0.524583,0.220158,182
336,12/2/2011,4,0,12,0,5,1,1,0.314167,0.331433,0.625833,0.100754,268
337,12/3/2011,4,0,12,0,6,0,1,0.299167,0.310604,0.612917,0.0957833,706
338,12/4/2011,4,0,12,0,0,0,1,0.330833,0.3491,0.775833,0.0839583,634
339,12/5/2011,4,0,12,0,1,1,2,0.385833,0.393925,0.827083,0.0622083,233
340,12/6/2011,4,0,12,0,2,1,3,0.4625,0.4564,0.949583,0.232583,126
341,12/7/2011,4,0,12,0,3,1,3,0.41,0.400246,0.970417,0.266175,50
342,12/8/2011,4,0,12,0,4,1,1,0.265833,0.256938,0.58,0.240058,150
343,12/9/2011,4,0,12,0,5,1,1,0.290833,0.317542,0.695833,0.0827167,261
344,12/10/2011,4,0,12,0,6,0,1,0.275,0.266412,0.5075,0.233221,502
345,12/11/2011,4,0,12,0,0,0,1,0.220833,0.253154,0.49,0.0665417,377
346,12/12/2011,4,0,12,0,1,1,1,0.238333,0.270196,0.670833,0.06345,143
347,12/13/2011,4,0,12,0,2,1,1,0.2825,0.301138,0.59,0.14055,155
348,12/14/2011,4,0,12,0,3,1,2,0.3175,0.338362,0.66375,0.0609583,178
349,12/15/2011,4,0,12,0,4,1,2,0.4225,0.412237,0.634167,0.268042,181
350,12/16/2011,4,0,12,0,5,1,2,0.375,0.359825,0.500417,0.260575,178
351,12/17/2011,4,0,12,0,6,0,2,0.258333,0.249371,0.560833,0.243167,275
352,12/18/2011,4,0,12,0,0,0,1,0.238333,0.245579,0.58625,0.169779,220
353,12/19/2011,4,0,12,0,1,1,1,0.276667,0.280933,0.6375,0.172896,260
354,12/20/2011,4,0,12,0,2,1,2,0.385833,0.396454,0.595417,0.0615708,216
355,12/21/2011,1,0,12,0,3,1,2,0.428333,0.428017,0.858333,0.2214,107
356,12/22/2011,1,0,12,0,4,1,2,0.423333,0.426121,0.7575,0.047275,227
357,12/23/2011,1,0,12,0,5,1,1,0.373333,0.377513,0.68625,0.274246,163
358,12/24/2011,1,0,12,0,6,0,1,0.3025,0.299242,0.5425,0.190304,155
359,12/25/2011,1,0,12,0,0,0,1,0.274783,0.279961,0.681304,0.155091,303
360,12/26/2011,1,0,12,1,1,0,1,0.321739,0.315535,0.506957,0.239465,430
361,12/27/2011,1,0,12,0,2,1,2,0.325,0.327633,0.7625,0.18845,103
362,12/28/2011,1,0,12,0,3,1,1,0.29913,0.279974,0.503913,0.293961,255
363,12/29/2011,1,0,12,0,4,1,1,0.248333,0.263892,0.574167,0.119412,254
364,12/30/2011,1,0,12,0,5,1,1,0.311667,0.318812,0.636667,0.134337,491
365,12/31/2011,1,0,12,0,6,0,1,0.41,0.414121,0.615833,0.220154,665
366,1/1/2012,1,1,1,0,0,0,1,0.37,0.375621,0.6925,0.192167,686
367,1/2/2012,1,1,1,1,1,0,1,0.273043,0.252304,0.381304,0.329665,244
368,1/3/2012,1,1,1,0,2,1,1,0.15,0.126275,0.44125,0.365671,89
369,1/4/2012,1,1,1,0,3,1,2,0.1075,0.119337,0.414583,0.1847,95
370,1/5/2012,1,1,1,0,4,1,1,0.265833,0.278412,0.524167,0.129987,140
371,1/6/2012,1,1,1,0,5,1,1,0.334167,0.340267,0.542083,0.167908,307
372,1/7/2012,1,1,1,0,6,0,1,0.393333,0.390779,0.531667,0.174758,1070
373,1/8/2012,1,1,1,0,0,0,1,0.3375,0.340258,0.465,0.191542,599
374,1/9/2012,1,1,1,0,1,1,2,0.224167,0.247479,0.701667,0.0989,106
375,1/10/2012,1,1,1,0,2,1,1,0.308696,0.318826,0.646522,0.187552,173
376,1/11/2012,1,1,1,0,3,1,2,0.274167,0.282821,0.8475,0.131221,92
377,1/12/2012,1,1,1,0,4,1,2,0.3825,0.381938,0.802917,0.180967,269
378,1/13/2012,1,1,1,0,5,1,1,0.274167,0.249362,0.5075,0.378108,174
379,1/14/2012,1,1,1,0,6,0,1,0.18,0.183087,0.4575,0.187183,333
380,1/15/2012,1,1,1,0,0,0,1,0.166667,0.161625,0.419167,0.251258,284
381,1/16/2012,1,1,1,1,1,0,1,0.19,0.190663,0.5225,0.231358,217
382,1/17/2012,1,1,1,0,2,1,2,0.373043,0.364278,0.716087,0.34913,127
383,1/18/2012,1,1,1,0,3,1,1,0.303333,0.275254,0.443333,0.415429,109
384,1/19/2012,1,1,1,0,4,1,1,0.19,0.190038,0.4975,0.220158,130
385,1/20/2012,1,1,1,0,5,1,2,0.2175,0.220958,0.45,0.20275,115
386,1/21/2012,1,1,1,0,6,0,2,0.173333,0.174875,0.83125,0.222642,67
387,1/22/2012,1,1,1,0,0,0,2,0.1625,0.16225,0.79625,0.199638,196
388,1/23/2012,1,1,1,0,1,1,2,0.218333,0.243058,0.91125,0.110708,145
389,1/24/2012,1,1,1,0,2,1,1,0.3425,0.349108,0.835833,0.123767,439
390,1/25/2012,1,1,1,0,3,1,1,0.294167,0.294821,0.64375,0.161071,467
391,1/26/2012,1,1,1,0,4,1,2,0.341667,0.35605,0.769583,0.0733958,244
392,1/27/2012,1,1,1,0,5,1,2,0.425,0.415383,0.74125,0.342667,269
393,1/28/2012,1,1,1,0,6,0,1,0.315833,0.326379,0.543333,0.210829,775
394,1/29/2012,1,1,1,0,0,0,1,0.2825,0.272721,0.31125,0.24005,558
395,1/30/2012,1,1,1,0,1,1,1,0.269167,0.262625,0.400833,0.215792,126
396,1/31/2012,1,1,1,0,2,1,1,0.39,0.381317,0.416667,0.261817,324
397,2/1/2012,1,1,2,0,3,1,1,0.469167,0.466538,0.507917,0.189067,304
398,2/2/2012,1,1,2,0,4,1,2,0.399167,0.398971,0.672917,0.187187,190
399,2/3/2012,1,1,2,0,5,1,1,0.313333,0.309346,0.526667,0.178496,310
400,2/4/2012,1,1,2,0,6,0,2,0.264167,0.272725,0.779583,0.121896,384
401,2/5/2012,1,1,2,0,0,0,2,0.265833,0.264521,0.687917,0.175996,318
402,2/6/2012,1,1,2,0,1,1,1,0.282609,0.296426,0.622174,0.1538,206
403,2/7/2012,1,1,2,0,2,1,1,0.354167,0.361104,0.49625,0.147379,199
404,2/8/2012,1,1,2,0,3,1,2,0.256667,0.266421,0.722917,0.133721,109
405,2/9/2012,1,1,2,0,4,1,1,0.265,0.261988,0.562083,0.194037,163
406,2/10/2012,1,1,2,0,5,1,2,0.280833,0.293558,0.54,0.116929,227
407,2/11/2012,1,1,2,0,6,0,3,0.224167,0.210867,0.73125,0.289796,192
408,2/12/2012,1,1,2,0,0,0,1,0.1275,0.101658,0.464583,0.409212,73
409,2/13/2012,1,1,2,0,1,1,1,0.2225,0.227913,0.41125,0.167283,94
410,2/14/2012,1,1,2,0,2,1,2,0.319167,0.333946,0.50875,0.141179,135
411,2/15/2012,1,1,2,0,3,1,1,0.348333,0.351629,0.53125,0.1816,141
412,2/16/2012,1,1,2,0,4,1,2,0.316667,0.330162,0.752917,0.091425,74
413,2/17/2012,1,1,2,0,5,1,1,0.343333,0.351629,0.634583,0.205846,349
414,2/18/2012,1,1,2,0,6,0,1,0.346667,0.355425,0.534583,0.190929,1435
415,2/19/2012,1,1,2,0,0,0,2,0.28,0.265788,0.515833,0.253112,618
416,2/20/2012,1,1,2,1,1,0,1,0.28,0.273391,0.507826,0.229083,502
417,2/21/2012,1,1,2,0,2,1,1,0.287826,0.295113,0.594348,0.205717,163
418,2/22/2012,1,1,2,0,3,1,1,0.395833,0.392667,0.567917,0.234471,394
419,2/23/2012,1,1,2,0,4,1,1,0.454167,0.444446,0.554583,0.190913,516
420,2/24/2012,1,1,2,0,5,1,2,0.4075,0.410971,0.7375,0.237567,246
421,2/25/2012,1,1,2,0,6,0,1,0.290833,0.255675,0.395833,0.421642,317
422,2/26/2012,1,1,2,0,0,0,1,0.279167,0.268308,0.41,0.205229,515
423,2/27/2012,1,1,2,0,1,1,1,0.366667,0.357954,0.490833,0.268033,253
424,2/28/2012,1,1,2,0,2,1,1,0.359167,0.353525,0.395833,0.193417,229
425,2/29/2012,1,1,2,0,3,1,2,0.344348,0.34847,0.804783,0.179117,65
426,3/1/2012,1,1,3,0,4,1,1,0.485833,0.475371,0.615417,0.226987,325
427,3/2/2012,1,1,3,0,5,1,2,0.353333,0.359842,0.657083,0.144904,246
428,3/3/2012,1,1,3,0,6,0,2,0.414167,0.413492,0.62125,0.161079,956
429,3/4/2012,1,1,3,0,0,0,1,0.325833,0.303021,0.403333,0.334571,710
430,3/5/2012,1,1,3,0,1,1,1,0.243333,0.241171,0.50625,0.228858,203
431,3/6/2012,1,1,3,0,2,1,1,0.258333,0.255042,0.456667,0.200875,221
432,3/7/2012,1,1,3,0,3,1,1,0.404167,0.3851,0.513333,0.345779,432
433,3/8/2012,1,1,3,0,4,1,1,0.5275,0.524604,0.5675,0.441563,486
434,3/9/2012,1,1,3,0,5,1,2,0.410833,0.397083,0.407083,0.4148,447
435,3/10/2012,1,1,3,0,6,0,1,0.2875,0.277767,0.350417,0.22575,968
436,3/11/2012,1,1,3,0,0,0,1,0.361739,0.35967,0.476957,0.222587,1658
437,3/12/2012,1,1,3,0,1,1,1,0.466667,0.459592,0.489167,0.207713,838
438,3/13/2012,1,1,3,0,2,1,1,0.565,0.542929,0.6175,0.23695,762
439,3/14/2012,1,1,3,0,3,1,1,0.5725,0.548617,0.507083,0.115062,997
440,3/15/2012,1,1,3,0,4,1,1,0.5575,0.532825,0.579583,0.149883,1005
441,3/16/2012,1,1,3,0,5,1,2,0.435833,0.436229,0.842083,0.113192,548
442,3/17/2012,1,1,3,0,6,0,2,0.514167,0.505046,0.755833,0.110704,3155
443,3/18/2012,1,1,3,0,0,0,2,0.4725,0.464,0.81,0.126883,2207
444,3/19/2012,1,1,3,0,1,1,1,0.545,0.532821,0.72875,0.162317,982
445,3/20/2012,1,1,3,0,2,1,1,0.560833,0.538533,0.807917,0.121271,1051
446,3/21/2012,2,1,3,0,3,1,2,0.531667,0.513258,0.82125,0.0895583,1122
447,3/22/2012,2,1,3,0,4,1,1,0.554167,0.531567,0.83125,0.117562,1334
448,3/23/2012,2,1,3,0,5,1,2,0.601667,0.570067,0.694167,0.1163,2469
449,3/24/2012,2,1,3,0,6,0,2,0.5025,0.486733,0.885417,0.192783,1033
450,3/25/2012,2,1,3,0,0,0,2,0.4375,0.437488,0.880833,0.220775,1532
451,3/26/2012,2,1,3,0,1,1,1,0.445833,0.43875,0.477917,0.386821,795
452,3/27/2012,2,1,3,0,2,1,1,0.323333,0.315654,0.29,0.187192,531
453,3/28/2012,2,1,3,0,3,1,1,0.484167,0.47095,0.48125,0.291671,674
454,3/29/2012,2,1,3,0,4,1,1,0.494167,0.482304,0.439167,0.31965,834
455,3/30/2012,2,1,3,0,5,1,2,0.37,0.375621,0.580833,0.138067,796
456,3/31/2012,2,1,3,0,6,0,2,0.424167,0.421708,0.738333,0.250617,2301
457,4/1/2012,2,1,4,0,0,0,2,0.425833,0.417287,0.67625,0.172267,2347
458,4/2/2012,2,1,4,0,1,1,1,0.433913,0.427513,0.504348,0.312139,1208
459,4/3/2012,2,1,4,0,2,1,1,0.466667,0.461483,0.396667,0.100133,1348
460,4/4/2012,2,1,4,0,3,1,1,0.541667,0.53345,0.469583,0.180975,1058
461,4/5/2012,2,1,4,0,4,1,1,0.435,0.431163,0.374167,0.219529,1192
462,4/6/2012,2,1,4,0,5,1,1,0.403333,0.390767,0.377083,0.300388,1807
463,4/7/2012,2,1,4,0,6,0,1,0.4375,0.426129,0.254167,0.274871,3252
464,4/8/2012,2,1,4,0,0,0,1,0.5,0.492425,0.275833,0.232596,2230
465,4/9/2012,2,1,4,0,1,1,1,0.489167,0.476638,0.3175,0.358196,905
466,4/10/2012,2,1,4,0,2,1,1,0.446667,0.436233,0.435,0.249375,819
467,4/11/2012,2,1,4,0,3,1,1,0.348696,0.337274,0.469565,0.295274,482
468,4/12/2012,2,1,4,0,4,1,1,0.3975,0.387604,0.46625,0.290429,663
469,4/13/2012,2,1,4,0,5,1,1,0.4425,0.431808,0.408333,0.155471,1252
470,4/14/2012,2,1,4,0,6,0,1,0.495,0.487996,0.502917,0.190917,2795
471,4/15/2012,2,1,4,0,0,0,1,0.606667,0.573875,0.507917,0.225129,2846
472,4/16/2012,2,1,4,1,1,0,1,0.664167,0.614925,0.561667,0.284829,1198
473,4/17/2012,2,1,4,0,2,1,1,0.608333,0.598487,0.390417,0.273629,989
474,4/18/2012,2,1,4,0,3,1,2,0.463333,0.457038,0.569167,0.167912,347
475,4/19/2012,2,1,4,0,4,1,1,0.498333,0.493046,0.6125,0.0659292,846
476,4/20/2012,2,1,4,0,5,1,1,0.526667,0.515775,0.694583,0.149871,1340
477,4/21/2012,2,1,4,0,6,0,1,0.57,0.542921,0.682917,0.283587,2541
478,4/22/2012,2,1,4,0,0,0,3,0.396667,0.389504,0.835417,0.344546,120
479,4/23/2012,2,1,4,0,1,1,2,0.321667,0.301125,0.766667,0.303496,195
480,4/24/2012,2,1,4,0,2,1,1,0.413333,0.405283,0.454167,0.249383,518
481,4/25/2012,2,1,4,0,3,1,1,0.476667,0.470317,0.427917,0.118792,655
482,4/26/2012,2,1,4,0,4,1,2,0.498333,0.483583,0.756667,0.176625,475
483,4/27/2012,2,1,4,0,5,1,1,0.4575,0.452637,0.400833,0.347633,1014
484,4/28/2012,2,1,4,0,6,0,2,0.376667,0.377504,0.489583,0.129975,1120
485,4/29/2012,2,1,4,0,0,0,1,0.458333,0.450121,0.587083,0.116908,2229
486,4/30/2012,2,1,4,0,1,1,2,0.464167,0.457696,0.57,0.171638,665
487,5/1/2012,2,1,5,0,2,1,2,0.613333,0.577021,0.659583,0.156096,653
488,5/2/2012,2,1,5,0,3,1,1,0.564167,0.537896,0.797083,0.138058,667
489,5/3/2012,2,1,5,0,4,1,2,0.56,0.537242,0.768333,0.133696,764
490,5/4/2012,2,1,5,0,5,1,1,0.6275,0.590917,0.735417,0.162938,1069
491,5/5/2012,2,1,5,0,6,0,2,0.621667,0.584608,0.756667,0.152992,2496
492,5/6/2012,2,1,5,0,0,0,2,0.5625,0.546737,0.74,0.149879,2135
493,5/7/2012,2,1,5,0,1,1,2,0.5375,0.527142,0.664167,0.230721,1008
494,5/8/2012,2,1,5,0,2,1,2,0.581667,0.557471,0.685833,0.296029,738
495,5/9/2012,2,1,5,0,3,1,2,0.575,0.553025,0.744167,0.216412,620
496,5/10/2012,2,1,5,0,4,1,1,0.505833,0.491783,0.552083,0.314063,1026
497,5/11/2012,2,1,5,0,5,1,1,0.533333,0.520833,0.360417,0.236937,1319
498,5/12/2012,2,1,5,0,6,0,1,0.564167,0.544817,0.480417,0.123133,2622
499,5/13/2012,2,1,5,0,0,0,1,0.6125,0.585238,0.57625,0.225117,2172
500,5/14/2012,2,1,5,0,1,1,2,0.573333,0.5499,0.789583,0.212692,342
501,5/15/2012,2,1,5,0,2,1,2,0.611667,0.576404,0.794583,0.147392,625
502,5/16/2012,2,1,5,0,3,1,1,0.636667,0.595975,0.697917,0.122512,991
503,5/17/2012,2,1,5,0,4,1,1,0.593333,0.572613,0.52,0.229475,1242
504,5/18/2012,2,1,5,0,5,1,1,0.564167,0.551121,0.523333,0.136817,1521
505,5/19/2012,2,1,5,0,6,0,1,0.6,0.566908,0.45625,0.083975,3410
506,5/20/2012,2,1,5,0,0,0,1,0.620833,0.583967,0.530417,0.254367,2704
507,5/21/2012,2,1,5,0,1,1,2,0.598333,0.565667,0.81125,0.233204,630
508,5/22/2012,2,1,5,0,2,1,2,0.615,0.580825,0.765833,0.118167,819
509,5/23/2012,2,1,5,0,3,1,2,0.621667,0.584612,0.774583,0.102,766
510,5/24/2012,2,1,5,0,4,1,1,0.655,0.6067,0.716667,0.172896,1059
511,5/25/2012,2,1,5,0,5,1,1,0.68,0.627529,0.747083,0.14055,1417
512,5/26/2012,2,1,5,0,6,0,1,0.6925,0.642696,0.7325,0.198992,2855
513,5/27/2012,2,1,5,0,0,0,1,0.69,0.641425,0.697083,0.215171,3283
514,5/28/2012,2,1,5,1,1,0,1,0.7125,0.6793,0.67625,0.196521,2557
515,5/29/2012,2,1,5,0,2,1,1,0.7225,0.672992,0.684583,0.2954,880
516,5/30/2012,2,1,5,0,3,1,2,0.656667,0.611129,0.67,0.134329,745
517,5/31/2012,2,1,5,0,4,1,1,0.68,0.631329,0.492917,0.195279,1100
518,6/1/2012,2,1,6,0,5,1,2,0.654167,0.607962,0.755417,0.237563,533
519,6/2/2012,2,1,6,0,6,0,1,0.583333,0.566288,0.549167,0.186562,2795
520,6/3/2012,2,1,6,0,0,0,1,0.6025,0.575133,0.493333,0.184087,2494
521,6/4/2012,2,1,6,0,1,1,1,0.5975,0.578283,0.487083,0.284833,1071
522,6/5/2012,2,1,6,0,2,1,2,0.540833,0.525892,0.613333,0.209575,968
523,6/6/2012,2,1,6,0,3,1,1,0.554167,0.542292,0.61125,0.077125,1027
524,6/7/2012,2,1,6,0,4,1,1,0.6025,0.569442,0.567083,0.15735,1038
525,6/8/2012,2,1,6,0,5,1,1,0.649167,0.597862,0.467917,0.175383,1488
526,6/9/2012,2,1,6,0,6,0,1,0.710833,0.648367,0.437083,0.144287,2708
527,6/10/2012,2,1,6,0,0,0,1,0.726667,0.663517,0.538333,0.133721,2224
528,6/11/2012,2,1,6,0,1,1,2,0.720833,0.659721,0.587917,0.207713,1017
529,6/12/2012,2,1,6,0,2,1,2,0.653333,0.597875,0.833333,0.214546,477
530,6/13/2012,2,1,6,0,3,1,1,0.655833,0.611117,0.582083,0.343279,1173
531,6/14/2012,2,1,6,0,4,1,1,0.648333,0.624383,0.569583,0.253733,1180
532,6/15/2012,2,1,6,0,5,1,1,0.639167,0.599754,0.589583,0.176617,1563
533,6/16/2012,2,1,6,0,6,0,1,0.631667,0.594708,0.504167,0.166667,2963
534,6/17/2012,2,1,6,0,0,0,1,0.5925,0.571975,0.59875,0.144904,2634
535,6/18/2012,2,1,6,0,1,1,2,0.568333,0.544842,0.777917,0.174746,653
536,6/19/2012,2,1,6,0,2,1,1,0.688333,0.654692,0.69,0.148017,968
537,6/20/2012,2,1,6,0,3,1,1,0.7825,0.720975,0.592083,0.113812,872
538,6/21/2012,3,1,6,0,4,1,1,0.805833,0.752542,0.567917,0.118787,778
539,6/22/2012,3,1,6,0,5,1,1,0.7775,0.724121,0.57375,0.182842,964
540,6/23/2012,3,1,6,0,6,0,1,0.731667,0.652792,0.534583,0.179721,2657
541,6/24/2012,3,1,6,0,0,0,1,0.743333,0.674254,0.479167,0.145525,2551
542,6/25/2012,3,1,6,0,1,1,1,0.715833,0.654042,0.504167,0.300383,1139
543,6/26/2012,3,1,6,0,2,1,1,0.630833,0.594704,0.373333,0.347642,1077
544,6/27/2012,3,1,6,0,3,1,1,0.6975,0.640792,0.36,0.271775,1077
545,6/28/2012,3,1,6,0,4,1,1,0.749167,0.675512,0.4225,0.17165,921
546,6/29/2012,3,1,6,0,5,1,1,0.834167,0.786613,0.48875,0.165417,829
547,6/30/2012,3,1,6,0,6,0,1,0.765,0.687508,0.60125,0.161071,1455
548,7/1/2012,3,1,7,0,0,0,1,0.815833,0.750629,0.51875,0.168529,1421
549,7/2/2012,3,1,7,0,1,1,1,0.781667,0.702038,0.447083,0.195267,904
550,7/3/2012,3,1,7,0,2,1,1,0.780833,0.70265,0.492083,0.126237,1052
551,7/4/2012,3,1,7,1,3,0,1,0.789167,0.732337,0.53875,0.13495,2562
552,7/5/2012,3,1,7,0,4,1,1,0.8275,0.761367,0.457917,0.194029,1405
553,7/6/2012,3,1,7,0,5,1,1,0.828333,0.752533,0.450833,0.146142,1366
554,7/7/2012,3,1,7,0,6,0,1,0.861667,0.804913,0.492083,0.163554,1448
555,7/8/2012,3,1,7,0,0,0,1,0.8225,0.790396,0.57375,0.125629,1203
556,7/9/2012,3,1,7,0,1,1,2,0.710833,0.654054,0.683333,0.180975,998
557,7/10/2012,3,1,7,0,2,1,2,0.720833,0.664796,0.6675,0.151737,954
558,7/11/2012,3,1,7,0,3,1,1,0.716667,0.650271,0.633333,0.151733,975
559,7/12/2012,3,1,7,0,4,1,1,0.715833,0.654683,0.529583,0.146775,1032
560,7/13/2012,3,1,7,0,5,1,2,0.731667,0.667933,0.485833,0.08085,1511
561,7/14/2012,3,1,7,0,6,0,2,0.703333,0.666042,0.699167,0.143679,2355
562,7/15/2012,3,1,7,0,0,0,1,0.745833,0.705196,0.717917,0.166667,1920
563,7/16/2012,3,1,7,0,1,1,1,0.763333,0.724125,0.645,0.164187,1088
564,7/17/2012,3,1,7,0,2,1,1,0.818333,0.755683,0.505833,0.114429,921
565,7/18/2012,3,1,7,0,3,1,1,0.793333,0.745583,0.577083,0.137442,799
566,7/19/2012,3,1,7,0,4,1,1,0.77,0.714642,0.600417,0.165429,888
567,7/20/2012,3,1,7,0,5,1,2,0.665833,0.613025,0.844167,0.208967,747
568,7/21/2012,3,1,7,0,6,0,3,0.595833,0.549912,0.865417,0.2133,1264
569,7/22/2012,3,1,7,0,0,0,2,0.6675,0.623125,0.7625,0.0939208,2544
570,7/23/2012,3,1,7,0,1,1,1,0.741667,0.690017,0.694167,0.138683,1135
571,7/24/2012,3,1,7,0,2,1,1,0.750833,0.70645,0.655,0.211454,1140
572,7/25/2012,3,1,7,0,3,1,1,0.724167,0.654054,0.45,0.1648,1383
573,7/26/2012,3,1,7,0,4,1,1,0.776667,0.739263,0.596667,0.284813,1036
574,7/27/2012,3,1,7,0,5,1,1,0.781667,0.734217,0.594583,0.152992,1259
575,7/28/2012,3,1,7,0,6,0,1,0.755833,0.697604,0.613333,0.15735,2234
576,7/29/2012,3,1,7,0,0,0,1,0.721667,0.667933,0.62375,0.170396,2153
577,7/30/2012,3,1,7,0,1,1,1,0.730833,0.684987,0.66875,0.153617,1040
578,7/31/2012,3,1,7,0,2,1,1,0.713333,0.662896,0.704167,0.165425,968
579,8/1/2012,3,1,8,0,3,1,1,0.7175,0.667308,0.6775,0.141179,1074
580,8/2/2012,3,1,8,0,4,1,1,0.7525,0.707088,0.659583,0.129354,983
581,8/3/2012,3,1,8,0,5,1,2,0.765833,0.722867,0.6425,0.215792,1328
582,8/4/2012,3,1,8,0,6,0,1,0.793333,0.751267,0.613333,0.257458,2345
583,8/5/2012,3,1,8,0,0,0,1,0.769167,0.731079,0.6525,0.290421,1707
584,8/6/2012,3,1,8,0,1,1,2,0.7525,0.710246,0.654167,0.129354,1233
585,8/7/2012,3,1,8,0,2,1,2,0.735833,0.697621,0.70375,0.116908,1278
586,8/8/2012,3,1,8,0,3,1,2,0.75,0.707717,0.672917,0.1107,1263
587,8/9/2012,3,1,8,0,4,1,1,0.755833,0.699508,0.620417,0.1561,1196
588,8/10/2012,3,1,8,0,5,1,2,0.715833,0.667942,0.715833,0.238813,1065
589,8/11/2012,3,1,8,0,6,0,2,0.6925,0.638267,0.732917,0.206479,2247
590,8/12/2012,3,1,8,0,0,0,1,0.700833,0.644579,0.530417,0.122512,2182
591,8/13/2012,3,1,8,0,1,1,1,0.720833,0.662254,0.545417,0.136212,1207
592,8/14/2012,3,1,8,0,2,1,1,0.726667,0.676779,0.686667,0.169158,1128
593,8/15/2012,3,1,8,0,3,1,1,0.706667,0.654037,0.619583,0.169771,1198
594,8/16/2012,3,1,8,0,4,1,1,0.719167,0.654688,0.519167,0.141796,1338
595,8/17/2012,3,1,8,0,5,1,1,0.723333,0.2424,0.570833,0.231354,1483
596,8/18/2012,3,1,8,0,6,0,1,0.678333,0.618071,0.603333,0.177867,2827
597,8/19/2012,3,1,8,0,0,0,2,0.635833,0.603554,0.711667,0.08645,1208
598,8/20/2012,3,1,8,0,1,1,2,0.635833,0.595967,0.734167,0.129979,1026
599,8/21/2012,3,1,8,0,2,1,1,0.649167,0.601025,0.67375,0.0727708,1081
600,8/22/2012,3,1,8,0,3,1,1,0.6675,0.621854,0.677083,0.0702833,1094
601,8/23/2012,3,1,8,0,4,1,1,0.695833,0.637008,0.635833,0.0845958,1363
602,8/24/2012,3,1,8,0,5,1,2,0.7025,0.6471,0.615,0.0721458,1325
603,8/25/2012,3,1,8,0,6,0,2,0.661667,0.618696,0.712917,0.244408,1829
604,8/26/2012,3,1,8,0,0,0,2,0.653333,0.595996,0.845833,0.228858,1483
605,8/27/2012,3,1,8,0,1,1,1,0.703333,0.654688,0.730417,0.128733,989
606,8/28/2012,3,1,8,0,2,1,1,0.728333,0.66605,0.62,0.190925,935
607,8/29/2012,3,1,8,0,3,1,1,0.685,0.635733,0.552083,0.112562,1177
608,8/30/2012,3,1,8,0,4,1,1,0.706667,0.652779,0.590417,0.0771167,1172
609,8/31/2012,3,1,8,0,5,1,1,0.764167,0.6894,0.5875,0.168533,1433
610,9/1/2012,3,1,9,0,6,0,2,0.753333,0.702654,0.638333,0.113187,2352
611,9/2/2012,3,1,9,0,0,0,2,0.696667,0.649,0.815,0.0640708,2613
612,9/3/2012,3,1,9,1,1,0,1,0.7075,0.661629,0.790833,0.151121,1965
613,9/4/2012,3,1,9,0,2,1,1,0.725833,0.686888,0.755,0.236321,867
614,9/5/2012,3,1,9,0,3,1,1,0.736667,0.708983,0.74125,0.187808,832
615,9/6/2012,3,1,9,0,4,1,2,0.696667,0.655329,0.810417,0.142421,611
616,9/7/2012,3,1,9,0,5,1,1,0.703333,0.657204,0.73625,0.171646,1045
617,9/8/2012,3,1,9,0,6,0,2,0.659167,0.611121,0.799167,0.281104,1557
618,9/9/2012,3,1,9,0,0,0,1,0.61,0.578925,0.5475,0.224496,2570
619,9/10/2012,3,1,9,0,1,1,1,0.583333,0.565654,0.50375,0.258713,1118
620,9/11/2012,3,1,9,0,2,1,1,0.5775,0.554292,0.52,0.0920542,1070
621,9/12/2012,3,1,9,0,3,1,1,0.599167,0.570075,0.577083,0.131846,1050
622,9/13/2012,3,1,9,0,4,1,1,0.6125,0.579558,0.637083,0.0827208,1054
623,9/14/2012,3,1,9,0,5,1,1,0.633333,0.594083,0.6725,0.103863,1379
624,9/15/2012,3,1,9,0,6,0,1,0.608333,0.585867,0.501667,0.247521,3160
625,9/16/2012,3,1,9,0,0,0,1,0.58,0.563125,0.57,0.0901833,2166
626,9/17/2012,3,1,9,0,1,1,2,0.580833,0.55305,0.734583,0.151742,1022
627,9/18/2012,3,1,9,0,2,1,2,0.623333,0.565067,0.8725,0.357587,371
628,9/19/2012,3,1,9,0,3,1,1,0.5525,0.540404,0.536667,0.215175,788
629,9/20/2012,3,1,9,0,4,1,1,0.546667,0.532192,0.618333,0.118167,939
630,9/21/2012,3,1,9,0,5,1,1,0.599167,0.571971,0.66875,0.154229,1250
631,9/22/2012,3,1,9,0,6,0,1,0.65,0.610488,0.646667,0.283583,2512
632,9/23/2012,4,1,9,0,0,0,1,0.529167,0.518933,0.467083,0.223258,2454
633,9/24/2012,4,1,9,0,1,1,1,0.514167,0.502513,0.492917,0.142404,1001
634,9/25/2012,4,1,9,0,2,1,1,0.55,0.544179,0.57,0.236321,845
635,9/26/2012,4,1,9,0,3,1,1,0.635,0.596613,0.630833,0.2444,787
636,9/27/2012,4,1,9,0,4,1,2,0.65,0.607975,0.690833,0.134342,751
637,9/28/2012,4,1,9,0,5,1,2,0.619167,0.585863,0.69,0.164179,1045
638,9/29/2012,4,1,9,0,6,0,1,0.5425,0.530296,0.542917,0.227604,2589
639,9/30/2012,4,1,9,0,0,0,1,0.526667,0.517663,0.583333,0.134958,2015
640,10/1/2012,4,1,10,0,1,1,2,0.520833,0.512,0.649167,0.0908042,763
641,10/2/2012,4,1,10,0,2,1,3,0.590833,0.542333,0.871667,0.104475,315
642,10/3/2012,4,1,10,0,3,1,2,0.6575,0.599133,0.79375,0.0665458,728
643,10/4/2012,4,1,10,0,4,1,2,0.6575,0.607975,0.722917,0.117546,891
644,10/5/2012,4,1,10,0,5,1,1,0.615,0.580187,0.6275,0.10635,1516
645,10/6/2012,4,1,10,0,6,0,1,0.554167,0.538521,0.664167,0.268025,3031
646,10/7/2012,4,1,10,0,0,0,2,0.415833,0.419813,0.708333,0.141162,781
647,10/8/2012,4,1,10,1,1,0,2,0.383333,0.387608,0.709583,0.189679,874
648,10/9/2012,4,1,10,0,2,1,2,0.446667,0.438112,0.761667,0.1903,601
649,10/10/2012,4,1,10,0,3,1,1,0.514167,0.503142,0.630833,0.187821,780
650,10/11/2012,4,1,10,0,4,1,1,0.435,0.431167,0.463333,0.181596,834
651,10/12/2012,4,1,10,0,5,1,1,0.4375,0.433071,0.539167,0.235092,1060
652,10/13/2012,4,1,10,0,6,0,1,0.393333,0.391396,0.494583,0.146142,2252
653,10/14/2012,4,1,10,0,0,0,1,0.521667,0.508204,0.640417,0.278612,2080
654,10/15/2012,4,1,10,0,1,1,2,0.561667,0.53915,0.7075,0.296037,760
655,10/16/2012,4,1,10,0,2,1,1,0.468333,0.460846,0.558333,0.182221,922
656,10/17/2012,4,1,10,0,3,1,1,0.455833,0.450108,0.692917,0.101371,979
657,10/18/2012,4,1,10,0,4,1,2,0.5225,0.512625,0.728333,0.236937,1008
658,10/19/2012,4,1,10,0,5,1,2,0.563333,0.537896,0.815,0.134954,753
659,10/20/2012,4,1,10,0,6,0,1,0.484167,0.472842,0.572917,0.117537,2806
660,10/21/2012,4,1,10,0,0,0,1,0.464167,0.456429,0.51,0.166054,2132
661,10/22/2012,4,1,10,0,1,1,1,0.4875,0.482942,0.568333,0.0814833,830
662,10/23/2012,4,1,10,0,2,1,1,0.544167,0.530304,0.641667,0.0945458,841
663,10/24/2012,4,1,10,0,3,1,1,0.5875,0.558721,0.63625,0.0727792,795
664,10/25/2012,4,1,10,0,4,1,2,0.55,0.529688,0.800417,0.124375,875
665,10/26/2012,4,1,10,0,5,1,2,0.545833,0.52275,0.807083,0.132467,1182
666,10/27/2012,4,1,10,0,6,0,2,0.53,0.515133,0.72,0.235692,2643
667,10/28/2012,4,1,10,0,0,0,2,0.4775,0.467771,0.694583,0.398008,998
668,10/29/2012,4,1,10,0,1,1,3,0.44,0.4394,0.88,0.3582,2
669,10/30/2012,4,1,10,0,2,1,2,0.318182,0.309909,0.825455,0.213009,87
670,10/31/2012,4,1,10,0,3,1,2,0.3575,0.3611,0.666667,0.166667,419
671,11/1/2012,4,1,11,0,4,1,2,0.365833,0.369942,0.581667,0.157346,466
672,11/2/2012,4,1,11,0,5,1,1,0.355,0.356042,0.522083,0.266175,618
673,11/3/2012,4,1,11,0,6,0,2,0.343333,0.323846,0.49125,0.270529,1029
674,11/4/2012,4,1,11,0,0,0,1,0.325833,0.329538,0.532917,0.179108,1201
675,11/5/2012,4,1,11,0,1,1,1,0.319167,0.308075,0.494167,0.236325,378
676,11/6/2012,4,1,11,0,2,1,1,0.280833,0.281567,0.567083,0.173513,466
677,11/7/2012,4,1,11,0,3,1,2,0.295833,0.274621,0.5475,0.304108,326
678,11/8/2012,4,1,11,0,4,1,1,0.352174,0.341891,0.333478,0.347835,340
679,11/9/2012,4,1,11,0,5,1,1,0.361667,0.355413,0.540833,0.214558,709
680,11/10/2012,4,1,11,0,6,0,1,0.389167,0.393937,0.645417,0.0578458,2090
681,11/11/2012,4,1,11,0,0,0,1,0.420833,0.421713,0.659167,0.1275,2290
682,11/12/2012,4,1,11,1,1,0,1,0.485,0.475383,0.741667,0.173517,1097
683,11/13/2012,4,1,11,0,2,1,2,0.343333,0.323225,0.662917,0.342046,327
684,11/14/2012,4,1,11,0,3,1,1,0.289167,0.281563,0.552083,0.199625,373
685,11/15/2012,4,1,11,0,4,1,2,0.321667,0.324492,0.620417,0.152987,320
686,11/16/2012,4,1,11,0,5,1,1,0.345,0.347204,0.524583,0.171025,484
687,11/17/2012,4,1,11,0,6,0,1,0.325,0.326383,0.545417,0.179729,1313
688,11/18/2012,4,1,11,0,0,0,1,0.3425,0.337746,0.692917,0.227612,922
689,11/19/2012,4,1,11,0,1,1,2,0.380833,0.375621,0.623333,0.235067,449
690,11/20/2012,4,1,11,0,2,1,2,0.374167,0.380667,0.685,0.082725,534
691,11/21/2012,4,1,11,0,3,1,1,0.353333,0.364892,0.61375,0.103246,615
692,11/22/2012,4,1,11,1,4,0,1,0.34,0.350371,0.580417,0.0528708,955
693,11/23/2012,4,1,11,0,5,1,1,0.368333,0.378779,0.56875,0.148021,1603
694,11/24/2012,4,1,11,0,6,0,1,0.278333,0.248742,0.404583,0.376871,532
695,11/25/2012,4,1,11,0,0,0,1,0.245833,0.257583,0.468333,0.1505,309
696,11/26/2012,4,1,11,0,1,1,1,0.313333,0.339004,0.535417,0.04665,337
697,11/27/2012,4,1,11,0,2,1,2,0.291667,0.281558,0.786667,0.237562,123
698,11/28/2012,4,1,11,0,3,1,1,0.296667,0.289762,0.50625,0.210821,198
699,11/29/2012,4,1,11,0,4,1,1,0.28087,0.298422,0.555652,0.115522,243
700,11/30/2012,4,1,11,0,5,1,1,0.298333,0.323867,0.649583,0.0584708,362
701,12/1/2012,4,1,12,0,6,0,2,0.298333,0.316904,0.806667,0.0597042,951
702,12/2/2012,4,1,12,0,0,0,2,0.3475,0.359208,0.823333,0.124379,892
703,12/3/2012,4,1,12,0,1,1,1,0.4525,0.455796,0.7675,0.0827208,555
704,12/4/2012,4,1,12,0,2,1,1,0.475833,0.469054,0.73375,0.174129,551
705,12/5/2012,4,1,12,0,3,1,1,0.438333,0.428012,0.485,0.324021,331
706,12/6/2012,4,1,12,0,4,1,1,0.255833,0.258204,0.50875,0.174754,340
707,12/7/2012,4,1,12,0,5,1,2,0.320833,0.321958,0.764167,0.1306,349
708,12/8/2012,4,1,12,0,6,0,2,0.381667,0.389508,0.91125,0.101379,1153
709,12/9/2012,4,1,12,0,0,0,2,0.384167,0.390146,0.905417,0.157975,441
710,12/10/2012,4,1,12,0,1,1,2,0.435833,0.435575,0.925,0.190308,329
711,12/11/2012,4,1,12,0,2,1,2,0.353333,0.338363,0.596667,0.296037,282
712,12/12/2012,4,1,12,0,3,1,2,0.2975,0.297338,0.538333,0.162937,310
713,12/13/2012,4,1,12,0,4,1,1,0.295833,0.294188,0.485833,0.174129,425
714,12/14/2012,4,1,12,0,5,1,1,0.281667,0.294192,0.642917,0.131229,429
715,12/15/2012,4,1,12,0,6,0,1,0.324167,0.338383,0.650417,0.10635,767
716,12/16/2012,4,1,12,0,0,0,2,0.3625,0.369938,0.83875,0.100742,538
717,12/17/2012,4,1,12,0,1,1,2,0.393333,0.4015,0.907083,0.0982583,212
718,12/18/2012,4,1,12,0,2,1,1,0.410833,0.409708,0.66625,0.221404,433
719,12/19/2012,4,1,12,0,3,1,1,0.3325,0.342162,0.625417,0.184092,333
720,12/20/2012,4,1,12,0,4,1,2,0.33,0.335217,0.667917,0.132463,314
721,12/21/2012,1,1,12,0,5,1,2,0.326667,0.301767,0.556667,0.374383,221
722,12/22/2012,1,1,12,0,6,0,1,0.265833,0.236113,0.44125,0.407346,205
723,12/23/2012,1,1,12,0,0,0,1,0.245833,0.259471,0.515417,0.133083,408
724,12/24/2012,1,1,12,0,1,1,2,0.231304,0.2589,0.791304,0.0772304,174
725,12/25/2012,1,1,12,1,2,0,2,0.291304,0.294465,0.734783,0.168726,440
726,12/26/2012,1,1,12,0,3,1,3,0.243333,0.220333,0.823333,0.316546,9
727,12/27/2012,1,1,12,0,4,1,2,0.254167,0.226642,0.652917,0.350133,247
728,12/28/2012,1,1,12,0,5,1,2,0.253333,0.255046,0.59,0.155471,644
729,12/29/2012,1,1,12,0,6,0,2,0.253333,0.2424,0.752917,0.124383,159
730,12/30/2012,1,1,12,0,0,0,1,0.255833,0.2317,0.483333,0.350754,364
731,12/31/2012,1,1,12,0,1,1,2,0.215833,0.223487,0.5775,0.154846,439
